{
  "corr_margin_uncertainty_pearson": 0.2953640513070771,
  "corr_margin_uncertainty_spearman": 0.23711886343744223,
  "n_weeks": 261
}